﻿<DataObject comparison="Ordinal">
  <Section id="">
    <Subsections>
      <Section id="General">
        <Subsections />
        <Entries>
          <Entry key="ElapsedTime">
            <double>5.3189997</double>
          </Entry>
          <Entry key="StartedAt">
            <dateTime>2023-01-13T21:29:51.7367014+03:00</dateTime>
          </Entry>
          <Entry key="EndedAt">
            <dateTime>2023-01-13T21:29:57.0557011+03:00</dateTime>
          </Entry>
          <Entry key="ReplayStatus">
            <LastReplayRunStatus>Failed</LastReplayRunStatus>
          </Entry>
          <Entry key="NumberOfReplayErrors">
            <int>1</int>
          </Entry>
          <Entry key="NumberOfReplayCriticalErrors">
            <int>1</int>
          </Entry>
          <Entry key="NumberOfCompilationErrors">
            <int>0</int>
          </Entry>
        </Entries>
      </Section>
    </Subsections>
    <Entries>
      <Entry key="Iterations">
        <int>3</int>
      </Entry>
    </Entries>
  </Section>
</DataObject>